approach,TP,FP,TN,FN,Accuracy,Precision,Recall,F1_Score,FPR,AUC_ROC,obvious_dr,stealth_dr,benign_acc
Logs-Only,700,0,3800,500,0.9,1.0,0.583333,0.736842,0.0,0.208333,1.0,0.0,1.0
Identity-Only_Tetragon_Cilium,915,118,3682,285,0.9194,0.88577,0.7625,0.819525,0.031053,0.134276,0.985714,0.45,0.968947
Anomaly-Only_Falco,1014,179,3621,186,0.927,0.849958,0.845,0.847472,0.047105,0.101053,1.0,0.628,0.952895
Identity+Anomaly_KubeArmor,1024,124,3676,176,0.94,0.891986,0.853333,0.872232,0.032632,0.089649,0.997143,0.652,0.967368
CA-eBPF_Proposed,1146,134,3666,54,0.9624,0.895312,0.955,0.924194,0.035263,0.99474,1.0,0.892,0.964737
